<?xml version="1.0" encoding="UTF-8"?>
<!DOCTYPE suite SYSTEM "https://testng.org/testng-1.0.dtd">
<suite name="Suite">
  <test thread-count="5" name="Test">
    <classes>
      <class name="Voosh.Assignment.Base"/>
      <class name="Voosh.Assignment.EmptyCart"/>
      <class name="Voosh.Assignment.Location"/>
      <class name="Voosh.Assignment.SearchTest"/>
      <class name="Voosh.Assignment.Language_Settings"/>
      <class name="Voosh.Assignment.Home"/>
        <class name="Voosh.Assignment.InvalidSearchTest"/>
    </classes>
  </test> <!-- Test -->
</suite> <!-- Suite -->
